{
	"form": {
		"name": "Name",
		"password": "Password",
		"verify_password": "Verify Password",
		"new_password": "New Password",
		"confirm_password": "Confirm Old Password",
		"change_password": "Change Password",
		"email": "Email",
		"new_email": "New Email",
		"old_email": "Old Email",
		"send_link": "Send Link",
		"cancel": "Cancel",
		"skypeId": "Skype Id",
		"timezone": "Timezone",
		"select_timezone": "Select Your Timezone",
		"register": "Register",
		"login": "Login",
		"forgot_password": "Forgot Password?",
		"subject": "Subject",
		"message": "Message"
	}
}