{
	"nav": {
		"toggle_nav": "Toggle navigation",
		"logo_alt": "Flueint Logo",
		"home": "Home",
		"blog": "Blog",
		"account": "Account",
		"appointments": "Appointments",
		"buy_credits": "Buy Credits",
		"account_info": "Account Information",
		"management": "Management",
		"student_roster": "Student Roster",
		"teachers": "Teachers",
		"students": "Students",
		"account_info": "Account Information",
		"register_users": "Register Users",
		"program": "Program",
		"pricing": "Pricing",
		"learn_more": "Learn More",
		"cirriculum": "Cirriculum",
		"the_company": "The Company",
		"contact_us": "Contact Us",
		"logout": "Logout",
		"login": "Login"
	}
}