{
	"program": {
		"title": "欢迎来到畅语！",
		"content": {
				"p-1": "畅语的学习系统使我们利用了近十年的英语外语教学经验来设计的。畅语的学习系统也是我们个人生活上所运用学习外语的方法，如普通话，韩语和英语。我们迫不及待地想要与你一起发掘你自己最厉害的语言学习天赋！",
				"p-2": "其实每个人能够达到比他们自己想象中更多的目标，加上我们的尖端学习技术，我们可以让你快速记住单词，并且在准确的情况和语句中运用，迅速达到你的语言目标！我们学习系统将通过提供复习目标语言，提高自信的训练，并且利用逐步提高难度的方案来帮助你伸展词汇！",
				"p-3": "我们建立了一个能够让所有学者建立友谊的圈子，从中交流中取得经验和心得！通过社交媒体，博客文章，小组讨论，以及一对一的交谈，你将会被吸入一个学习外语的新世界。",
				"p-4": "因为我们课程的设置是一对一的概念让你从了解朋友一般与导师交流以此来建立你对英语的自信。你的学习环节会从商业到医学，从旅游到文学等各种话题中完善你的语言了解。而这些课程会按照你的语言级别妥当安排。",
				"p-5": "你会考一个测试将包括语法，阅读，写作，口语和听力来衡量你的技能在各个领域的层次。从次测试结果中，我们可从每一个方面上为你度身订造一系列的畅语课程，让你为升职，考试或者海外旅行等充分准备好。来看看畅语今天为你提供的免费服务！"
		},
		"sub-title": "See how Flueint can help you for FREE today!",
		"categories": {
			"title": "General Categories",
			"p-1": "Business",
			"p-2": "Finance",
			"p-3": "Medical",
			"p-4": "Travel",
			"p-5": "Testing",
			"p-6": "Mathematics",
			"p-7": "Music",
			"p-8": "Medical",
			"p-9": "Computer Science",
			"p-10": "Aviation",
			"p-12": "Scholastic",
			"p-13": "Sports",
			"p-14": "Literature",
			"p-15": "Cooking"
		}
	}	
}