{
	"pricing": {
		"lead": " has designed a program that uses state of the art techniques to assure you that you will achieve your language fluency goals. Our program is designed to help you achieve fluency quickly and effectively. We are geared to help learners of all ages and skill levels. We offer a variety of programs and packages that will be customized just for your needs!",
		"plan_one": "Economy",
		"plan_two": "Basic",
		"plan_three": "Premium",
		"point_one": "Social Media Community",
		"point_two": "Email Support",
		"point_three": "Group Classes",
		"point_four": "Podcast",
		"point_five": "Archived Lessons Access",
		"point_six": "Blog Interaction",
		"point_seven": "8:30 Minute 1:1 Sessions",
		"point_eight": "Live Support (Phone/App)",
		"point_nine": "Flueint Success Series",
		"point_ten": "Fully Customized Lesson Plans",
		"point_eleven": "36hr Lesson Time Change",
		"point_twelve": "14:30 Minute 1:1 Sessions",
		"get_quote": "Get A Free Quote"
	}
}