{
	"schedule": {
		"title": "Scheduling",
		"credits": "Credits",
		"appointment": "Appointment",
		"appointment_details": "Appointment Details",
		"event": "Event",
		"day_of": "Day Of the Appointment",
		"time": "Time",
		"appt_durration": "(The appointment will last 30 minutes)",
		"starts": "Starts",
		"ends": "Ends",
		"status": "Status",
		"student_name": "Student's Name",
		"student_email": "Student's Email",
		"student_skypeid": "Student's Skype Id",
		"delete_event": "Delete Event",
		"cancel": "Cancel",
		"schedule": "Schedule",
		"unschedule": "Unschedule",
		"appt": "Appt."
	}
}