{
	"theCompany": {
		"title": "About Us",
		"content_one": {
			"p_one": "Anyone who has ever tried learning a second language is familiar with the difficulty, frustration, and discouragement that causes most to give up. With experience becoming fluent in Mandarin, Cantonese, English, Korean, and French, we know the struggle and have developed a method that will help you overcome these difficulties and <strong>become fluent</strong> in the language you want to learn! Whether you want a <strong>promotion at work, acceptance to a prestigious school</strong>, or just want to <strong>travel</strong> in comfort, Fluint offers programs that will help you gain confidence and fluency in your target language!",
			"p_two": "With experience teaching French to Chinese, Korean and Mandarin to Americans, and English to learners from Europe, Asia, Africa, and South America Fluint has come up with a system to help you become fluent fast! Our system guarantees that you will be speaking more fluently and with more confidence in as little as 2 months.",
			"p_three": "Fluint isn't solely about learning languages. We invest in our learners just as we would our family. We have helped our learns with everything from preparing for a date to presenting a business plan in front of international partners, from traveling abroad to carrying out an internship with American hospitals. Whatever you want to do in life, we can help you make your dreams a reality.",
			"p_four": "Try it out for free and see why we don't just make a difference, but why we make all the difference. We are more than just teachers, our coaches will mentor you on your journey towards greatness. Start writing your legend today!"
		},
		"sub_one": "Better Methods",
		"content_two": {
			"p_one": "What is something amazing that you have accomplished? Was it a good score on a difficult test? Getting a highly sought after job? Whatever it is that you have accomplished, the odds are most people probably thought it would be too difficult, or impossible for you to accomplish. However, because you had a deep conviction that you could accomplish this task, you were able to work with a tenacity that allowed you to be successful. We utilize these same methods to help you achieve fluency in your target language.",
			"p_two": "Fluency in a language comes with dedicated effort and confidence. Our individual training will allow you to feel comfortable and confident while progressing in life and total comprehension of your target language. Speak to one of our coaches today for free and see why this is the fastest way to success in life and language learning."
		},
		"sub_two": "Better Future",
		"content_three": {
			"p_one": "Many language learning companies are interested in keeping you as a student for the time you require their services. At Langology we are forging lifelong relationships. Our goal is your immediate success in learning your target language, but also success and satisfaction throughout your entire life. We are engaged in providing opportunities in your career, travel, a personal life. We leverage our international contacts to help learners fulfill their dream of studying abroad, traveling through highly desired locations with confidence, and succeeding in any career!",
			"p_two": "Our success series is a free service that allows learners to hear first hand success stories from people who are working in their dream jobs! So whether you want to become a doctor, a lawyer, a dentist, successful in business, or a traveling journalist. We have made connections with professionals from many professions, countries, and cultures to help you learn what you truly want to become! Nothing is impossible, so let us help you accomplish your dreams! Start today for free!"
		},
		"sub_three": "Better You",
		"content_four": {
			"p_one": "As a learner with Langology you will become an important part in an international community! You will have opportunity to connect with people from different countries, cultures, and walks of life. You will make connections that will change your life!  Imagine riding in a boat through the floating market in Thailand with your newly made friends, or hiking to the top of Seorak Mountain in Korea, or surfing on the beaches of Hawaii. By joining our community you will find opportunities to become a better person that you never thought existed! Check out what kind of impact you can make today! Start your journey for free!"
		}
	}
}